"","X360","X370","X380","X390","X400","X410","X420","X430","X440","X450","X460","X470","X480","X490","X500","X510","X520","X528","X536","X544","X552","X560","X570","X580","X590","X600","X620","X640","X660","X680"
"Worcester Union",302,312,322,332,342,352,362,372,382,392,402,412,422,432,442,452,462,470,478,486,494,502,512,522,532,542,562,582,602,622
"Biotech Park",305,315,325,335,345,355,365,375,385,395,405,415,425,435,445,455,465,473,481,489,497,505,515,525,535,545,565,585,605,625
"Grafton",312,322,332,342,352,362,372,382,392,402,412,422,432,442,452,462,472,480,488,496,504,512,522,532,542,552,572,592,612,632
"Westborough",316,326,336,346,356,366,376,386,396,406,416,426,436,446,456,466,476,484,492,500,508,516,526,536,546,556,576,596,616,636
"Southborough",320,330,340,350,360,370,380,390,400,410,420,430,440,450,460,470,480,488,496,504,512,520,530,540,550,560,580,600,620,640
"Ashland",324,334,344,354,364,374,384,394,404,414,424,434,444,454,464,474,484,492,500,508,516,524,534,544,554,564,584,604,624,644
"Framingham",327,337,347,357,367,377,387,397,407,417,427,437,447,457,467,477,487,495,503,511,519,527,537,547,557,567,587,607,627,647
"West Natick",330,340,350,360,370,380,390,400,410,420,430,440,450,460,470,480,490,498,506,514,522,530,540,550,560,570,590,610,630,650
"Natick Center",332,342,352,362,372,382,392,402,412,422,432,442,452,462,472,482,492,500,508,516,524,532,542,552,562,572,592,612,632,652
"Wellesley Square",336,346,356,366,376,386,396,406,416,426,436,446,456,466,476,486,496,504,512,520,528,536,546,556,566,576,596,616,636,656
"Wellesley Hills",338,348,358,368,378,388,398,408,418,428,438,448,458,468,478,488,498,506,514,522,530,538,548,558,568,578,598,618,638,658
"Wellesley Farms",340,350,360,370,380,390,400,410,420,430,440,450,460,470,480,490,500,508,516,524,532,540,550,560,570,580,600,620,640,660
"Auburndale",343,353,363,373,383,393,403,413,423,433,443,453,463,473,483,493,503,511,519,527,535,543,553,563,573,583,603,623,643,663
"West Newton",345,355,365,375,385,395,405,415,425,435,445,455,465,475,485,495,505,513,521,529,537,545,555,565,575,585,605,625,645,665
"Newtonville",347,357,367,377,387,397,407,417,427,437,447,457,467,477,487,497,507,515,523,531,539,547,557,567,577,587,607,627,647,667
"Boston Landing",351,361,371,381,391,401,411,421,431,441,451,461,471,481,491,501,511,519,527,535,543,551,561,571,581,591,611,631,651,671
"West Station",353,363,373,383,393,403,413,423,433,443,453,463,473,483,493,503,513,521,529,537,545,553,563,573,583,593,613,633,653,673
"Yawkey",355,365,375,385,395,405,415,425,435,445,455,465,475,485,495,505,515,523,531,539,547,555,565,575,585,595,615,635,655,675
"Back Bay",358,368,378,388,398,408,418,428,438,448,458,468,478,488,498,508,518,526,534,542,550,558,568,578,588,598,618,638,658,678
"South Station",360,370,380,390,400,410,420,430,440,450,460,470,480,490,500,510,520,528,536,544,552,560,570,580,590,600,620,640,660,680
