"","X370","X390","X410","X430","X450","X460","X470","X480","X490","X500","X510","X520","X528","X536","X544","X552","X560","X580","X600","X620","X640","X660","X680","X700","X720"
"Worcester Union",312,332,352,372,392,402,412,422,432,442,452,462,470,478,486,494,502,522,542,NA,582,NA,622,NA,662
"Biotech Park",315,335,355,375,395,405,415,425,435,445,455,465,473,481,489,497,505,525,545,NA,585,NA,625,NA,665
"Grafton",322,342,362,382,402,412,422,432,442,452,462,472,480,488,496,504,512,532,552,NA,592,NA,632,NA,672
"Westborough",326,346,366,386,406,416,426,436,446,456,466,476,484,492,500,508,516,536,556,NA,596,NA,636,NA,676
"Southborough",330,350,370,390,410,420,430,440,450,460,470,480,488,496,504,512,520,540,560,NA,600,NA,640,NA,680
"Ashland",334,354,374,394,414,424,434,444,454,464,474,484,492,500,508,516,524,544,564,NA,604,NA,644,NA,684
"Framingham",337,357,377,397,417,427,437,447,457,467,477,487,495,503,511,519,527,547,567,587,607,627,647,667,687
"West Natick",340,360,380,400,420,430,440,450,460,470,480,490,498,506,514,522,530,550,570,590,610,630,650,670,690
"Natick Center",342,362,382,402,422,432,442,452,462,472,482,492,500,508,516,524,532,552,572,593,612,633,652,673,692
"Wellesley Square",346,366,386,406,426,436,446,456,466,476,486,496,504,512,520,528,536,556,576,596,616,636,656,676,696
"Wellesley Hills",348,368,388,408,428,438,448,458,468,478,488,498,506,514,522,530,538,558,578,598,618,638,658,678,698
"Wellesley Farms",350,370,390,410,430,440,450,460,470,480,490,500,508,516,524,532,540,560,580,600,620,640,660,680,700
"Auburndale",353,373,393,413,433,443,453,463,473,483,493,503,511,519,527,535,543,563,583,603,623,643,663,683,703
"West Newton",355,375,395,415,435,445,455,465,475,485,495,505,513,521,529,537,545,565,585,605,625,645,665,685,705
"Newtonville",357,377,397,417,437,447,457,467,477,487,497,507,515,523,531,539,547,567,587,607,627,647,667,687,707
"Boston Landing",361,381,401,421,441,451,461,471,481,491,501,511,519,527,535,543,551,571,591,611,631,651,671,691,711
"West Station",363,383,403,423,443,453,463,473,483,493,503,513,521,529,537,545,553,573,593,613,633,653,673,693,713
"Yawkey",365,385,405,425,445,455,465,475,485,495,505,515,523,531,539,547,555,575,595,615,635,655,675,695,715
"Back Bay",368,388,408,428,448,458,468,478,488,498,508,518,526,534,542,550,558,578,598,618,638,658,678,698,718
"South Station",370,390,410,430,450,460,470,480,490,500,510,520,528,536,544,552,560,580,600,620,640,660,680,700,720
