"","X360","X370","X380","X390","X400","X410","X420","X430","X440","X450","X460","X470","X480","X490","X500","X510","X520","X530","X540","X550","X560","X570","X580","X590","X600","X610","X620","X630","X640","X650","X660","X670","X680","X690","X700","X710"
"Worcester Union",NA,312,NA,332,NA,352,NA,372,NA,392,NA,412,NA,432,NA,452,NA,472,NA,492,NA,512,NA,532,NA,552,NA,572,NA,592,NA,612,NA,632,NA,652
"Biotech Park",NA,315,NA,335,NA,355,NA,375,NA,395,NA,415,NA,435,NA,455,NA,475,NA,495,NA,515,NA,535,NA,555,NA,575,NA,595,NA,615,NA,635,NA,655
"Grafton",NA,322,NA,342,NA,362,NA,382,NA,402,NA,422,NA,442,NA,462,NA,482,NA,502,NA,522,NA,542,NA,562,NA,582,NA,602,NA,622,NA,642,NA,662
"Westborough",NA,326,NA,346,NA,366,NA,386,NA,406,NA,426,NA,446,NA,466,NA,486,NA,506,NA,526,NA,546,NA,566,NA,586,NA,606,NA,626,NA,646,NA,666
"Southborough",NA,330,NA,350,NA,370,NA,390,NA,410,NA,430,NA,450,NA,470,NA,490,NA,510,NA,530,NA,550,NA,570,NA,590,NA,610,NA,630,NA,650,NA,670
"Ashland",NA,334,NA,354,NA,374,NA,394,NA,414,NA,434,NA,454,NA,474,NA,494,NA,514,NA,534,NA,554,NA,574,NA,594,NA,614,NA,634,NA,654,NA,674
"Framingham",327,337,347,357,367,377,387,397,407,417,427,437,447,457,467,477,487,497,507,517,527,537,547,557,567,577,587,597,607,617,627,637,647,657,667,677
"West Natick",330,340,350,360,370,380,390,400,410,420,430,440,450,460,470,480,490,500,510,520,530,540,550,560,570,580,590,600,610,620,630,640,650,660,670,680
"Natick Center",333,342,353,362,373,382,393,402,413,422,433,442,453,462,473,482,493,502,513,522,533,542,553,562,573,582,593,602,613,622,633,642,653,662,673,682
"Wellesley Square",336,346,356,366,376,386,396,406,416,426,436,446,456,466,476,486,496,506,516,526,536,546,556,566,576,586,596,606,616,626,636,646,656,666,676,686
"Wellesley Hills",338,348,358,368,378,388,398,408,418,428,438,448,458,468,478,488,498,508,518,528,538,548,558,568,578,588,598,608,618,628,638,648,658,668,678,688
"Wellesley Farms",340,350,360,370,380,390,400,410,420,430,440,450,460,470,480,490,500,510,520,530,540,550,560,570,580,590,600,610,620,630,640,650,660,670,680,690
"Auburndale",343,353,363,373,383,393,403,413,423,433,443,453,463,473,483,493,503,513,523,533,543,553,563,573,583,593,603,613,623,633,643,653,663,673,683,693
"West Newton",345,355,365,375,385,395,405,415,425,435,445,455,465,475,485,495,505,515,525,535,545,555,565,575,585,595,605,615,625,635,645,655,665,675,685,695
"Newtonville",347,357,367,377,387,397,407,417,427,437,447,457,467,477,487,497,507,517,527,537,547,557,567,577,587,597,607,617,627,637,647,657,667,677,687,697
"Boston Landing",351,361,371,381,391,401,411,421,431,441,451,461,471,481,491,501,511,521,531,541,551,561,571,581,591,601,611,621,631,641,651,661,671,681,691,701
"West Station",353,363,373,383,393,403,413,423,433,443,453,463,473,483,493,503,513,523,533,543,553,563,573,583,593,603,613,623,633,643,653,663,673,683,693,703
"Yawkey",355,365,375,385,395,405,415,425,435,445,455,465,475,485,495,505,515,525,535,545,555,565,575,585,595,605,615,625,635,645,655,665,675,685,695,705
"Back Bay",358,368,378,388,398,408,418,428,438,448,458,468,478,488,498,508,518,528,538,548,558,568,578,588,598,608,618,628,638,648,658,668,678,688,698,708
"South Station",360,370,380,390,400,410,420,430,440,450,460,470,480,490,500,510,520,530,540,550,560,570,580,590,600,610,620,630,640,650,660,670,680,690,700,710
